first_name,second_name,position,position_abv,team,team_abv,selected_by_percent,chance_of_playing_this_round,this_round_chance,chance_of_playing_next_round,next_round_chance,status,now_cost,minutes,transfers_in,total_points,value_season
Mesut,Özil,Midfielder,MID,Arsenal,ARS,1.5,,1.0,,1.0,a,70,1439,0,53,7.6
Sokratis,Papastathopoulos,Defender,DEF,Arsenal,ARS,0.3,,1.0,0.0,0.0,i,50,1696,0,57,11.4
David,Luiz Moreira Marinho,Defender,DEF,Arsenal,ARS,1.6,,1.0,0.0,0.0,i,55,2809,0,94,17.1
Pierre-Emerick,Aubameyang,Midfielder,MID,Arsenal,ARS,47.5,,1.0,,1.0,a,120,3136,0,205,17.1
Cédric,Soares,Defender,DEF,Arsenal,ARS,0.6,,1.0,,1.0,a,50,1553,0,61,12.2
Alexandre,Lacazette,Forward,FWD,Arsenal,ARS,3.1,,1.0,,1.0,a,85,1867,0,118,13.9
Shkodran,Mustafi,Defender,DEF,Arsenal,ARS,0.0,,1.0,0.0,0.0,i,50,1205,0,43,8.6
Bernd,Leno,Goalkeeper,GKP,Arsenal,ARS,6.7,,1.0,,1.0,a,50,2649,0,114,22.8
Granit,Xhaka,Midfielder,MID,Arsenal,ARS,0.7,,1.0,,1.0,a,55,2586,0,73,13.3
Pablo,Marí,Defender,DEF,Arsenal,ARS,0.0,,1.0,0.0,0.0,i,45,113,0,8,1.8
Héctor,Bellerín,Defender,DEF,Arsenal,ARS,3.9,,1.0,,1.0,a,50,1156,0,44,8.8
Emiliano,Martínez,Goalkeeper,GKP,Arsenal,ARS,5.7,,1.0,,1.0,a,45,770,0,33,7.3
Calum,Chambers,Defender,DEF,Arsenal,ARS,0.0,,1.0,0.0,0.0,i,45,1102,0,42,9.3
Sead,Kolasinac,Defender,DEF,Arsenal,ARS,0.3,,1.0,,1.0,a,50,1694,0,55,11.0
Ainsley,Maitland-Niles,Defender,DEF,Arsenal,ARS,2.0,,1.0,,1.0,a,50,1382,0,41,8.2
Rob,Holding,Defender,DEF,Arsenal,ARS,0.9,,1.0,,1.0,a,45,580,0,16,3.6
Kieran,Tierney,Defender,DEF,Arsenal,ARS,11.8,,1.0,,1.0,a,55,986,0,42,7.6
Nicolas,Pépé,Midfielder,MID,Arsenal,ARS,2.3,,1.0,,1.0,a,80,2004,0,106,13.2
Lucas,Torreira,Midfielder,MID,Arsenal,ARS,0.3,,1.0,,1.0,a,50,1501,0,46,9.2
Joseph,Willock,Midfielder,MID,Arsenal,ARS,0.1,,1.0,,1.0,a,50,838,0,41,8.2
Reiss,Nelson,Midfielder,MID,Arsenal,ARS,0.1,,1.0,,1.0,a,55,622,0,30,5.5
Edward,Nketiah,Forward,FWD,Arsenal,ARS,2.0,,1.0,,1.0,a,60,628,0,25,4.2
Emile,Smith Rowe,Midfielder,MID,Arsenal,ARS,0.4,,1.0,0.0,0.0,i,45,96,0,4,0.9
Bukayo,Saka,Midfielder,MID,Arsenal,ARS,8.8,,1.0,,1.0,a,55,1746,0,71,12.9
Matteo,Guendouzi,Midfielder,MID,Arsenal,ARS,0.2,,1.0,,1.0,a,50,1744,0,48,9.6
Gabriel Teodoro,Martinelli Silva,Midfielder,MID,Arsenal,ARS,0.1,,1.0,0.0,0.0,i,50,656,0,39,7.8
William,Saliba,Defender,DEF,Arsenal,ARS,3.8,,1.0,,1.0,a,45,0,0,0,0.0
Willian,Borges Da Silva,Midfielder,MID,Arsenal,ARS,8.3,,1.0,,1.0,a,80,2595,0,168,21.0
Gabriel,Magalhães,Defender,DEF,Arsenal,ARS,1.5,,1.0,,1.0,a,50,0,0,0,0.0
Daniel,Ceballos Fernández,Midfielder,MID,Arsenal,ARS,1.8,,1.0,,1.0,a,50,1687,0,57,11.4
Tom,Heaton,Goalkeeper,GKP,Aston Villa,AVL,0.1,,1.0,0.0,0.0,i,45,1794,0,59,13.1
Ahmed,El Mohamady,Defender,DEF,Aston Villa,AVL,0.5,,1.0,,1.0,a,45,1024,0,39,8.7
Henri,Lansbury,Midfielder,MID,Aston Villa,AVL,0.3,,1.0,,1.0,a,45,190,0,12,2.7
Neil,Taylor,Defender,DEF,Aston Villa,AVL,0.4,,1.0,,1.0,a,45,1088,0,22,4.9
Jed,Steer,Goalkeeper,GKP,Aston Villa,AVL,4.8,,1.0,,1.0,a,40,7,0,1,0.2
Conor,Hourihane,Midfielder,MID,Aston Villa,AVL,0.1,,1.0,,1.0,a,60,1526,0,83,13.8
José Ignacio,Peleteiro Romallo,Midfielder,MID,Aston Villa,AVL,0.1,,1.0,,1.0,a,60,329,0,17,2.8
Ørjan,Nyland,Goalkeeper,GKP,Aston Villa,AVL,17.4,,1.0,,1.0,a,40,537,0,15,3.8
Bjorn,Engels,Defender,DEF,Aston Villa,AVL,0.2,,1.0,,1.0,a,45,1446,0,42,9.3
Jack,Grealish,Midfielder,MID,Aston Villa,AVL,11.3,,1.0,,1.0,a,70,3233,0,149,21.3
John,McGinn,Midfielder,MID,Aston Villa,AVL,0.6,,1.0,,1.0,a,55,2312,0,84,15.3
Kortney,Hause,Defender,DEF,Aston Villa,AVL,0.1,,1.0,,1.0,a,45,1544,0,34,7.6
Mahmoud Ahmed,Ibrahim Hassan,Midfielder,MID,Aston Villa,AVL,1.3,,1.0,,1.0,a,55,1936,0,98,17.8
Tyrone,Mings,Defender,DEF,Aston Villa,AVL,1.5,,1.0,,1.0,a,50,2902,0,90,18.0
Matt,Targett,Defender,DEF,Aston Villa,AVL,1.1,,1.0,,1.0,a,45,2291,0,80,17.8
James,Bree,Defender,DEF,Aston Villa,AVL,0.0,,1.0,0.0,0.0,u,45,0,0,0,0.0
Marvelous,Nakamba,Midfielder,MID,Aston Villa,AVL,0.6,,1.0,,1.0,a,45,1826,0,43,9.6
Anwar,El Ghazi,Midfielder,MID,Aston Villa,AVL,0.2,,1.0,,1.0,a,60,2046,0,93,15.5
Ezri,Konsa Ngoyo,Defender,DEF,Aston Villa,AVL,0.2,,1.0,,1.0,a,45,2038,0,65,14.4
Frédéric,Guilbert,Defender,DEF,Aston Villa,AVL,0.2,,1.0,,1.0,a,45,2038,0,62,13.8
Wesley,Moraes,Forward,FWD,Aston Villa,AVL,0.0,,1.0,0.0,0.0,i,60,1782,0,67,11.2
Mbwana,Samatta,Forward,FWD,Aston Villa,AVL,0.1,,1.0,,1.0,a,60,940,0,29,4.8
Keinan,Davis,Forward,FWD,Aston Villa,AVL,15.3,,1.0,,1.0,a,45,534,0,25,5.6
Indiana,Vassilev,Forward,FWD,Aston Villa,AVL,1.9,,1.0,,1.0,a,45,47,0,4,0.9
Douglas Luiz,Soares de Paulo,Midfielder,MID,Aston Villa,AVL,0.4,,1.0,,1.0,a,50,2604,0,90,18.0
Matthew,Cash,Defender,DEF,Aston Villa,AVL,0.4,,1.0,,1.0,a,50,0,0,0,0.0
Ollie,Watkins,Forward,FWD,Aston Villa,AVL,0.8,,1.0,,1.0,a,60,0,0,0,0.0
Glenn,Murray,Forward,FWD,Brighton,BHA,0.4,,1.0,0.0,0.0,n,50,785,0,36,7.2
Adam,Lallana,Midfielder,MID,Brighton,BHA,1.5,,1.0,,1.0,a,65,371,0,27,4.2
Dale,Stephens,Midfielder,MID,Brighton,BHA,14.8,,1.0,,1.0,a,45,2525,0,63,14.0
Pascal,Groß,Midfielder,MID,Brighton,BHA,0.2,,1.0,,1.0,a,60,1791,0,76,12.7
Shane,Duffy,Defender,DEF,Brighton,BHA,0.2,,1.0,0.0,0.0,n,45,1232,0,44,9.8
Davy,Pröpper,Midfielder,MID,Brighton,BHA,0.1,,1.0,,1.0,a,50,2826,0,78,15.6
Aaron,Mooy,Midfielder,MID,Brighton,BHA,0.0,,1.0,0.0,0.0,u,50,2079,0,80,16.0
Dan,Burn,Defender,DEF,Brighton,BHA,0.9,,1.0,,1.0,a,45,2879,0,86,19.1
Lewis,Dunk,Defender,DEF,Brighton,BHA,9.7,,1.0,,1.0,a,50,3230,0,128,25.6
Martín,Montoya,Defender,DEF,Brighton,BHA,0.0,,1.0,0.0,0.0,u,45,1892,0,62,13.8
Florin,Andone,Forward,FWD,Brighton,BHA,0.4,,1.0,,1.0,a,50,71,0,5,1.0
Solomon,March,Midfielder,MID,Brighton,BHA,0.0,,1.0,,1.0,a,50,1139,0,38,7.6
Adam,Webster,Defender,DEF,Brighton,BHA,3.3,,1.0,,1.0,a,45,2668,0,88,19.6
Joël,Veltman,Defender,DEF,Brighton,BHA,0.4,,1.0,,1.0,a,45,0,0,0,0.0
Neal,Maupay,Forward,FWD,Brighton,BHA,1.9,,1.0,,1.0,a,65,2763,0,131,20.2
Leandro,Trossard,Midfielder,MID,Brighton,BHA,0.4,,1.0,,1.0,a,60,2004,0,104,17.3
Mathew,Ryan,Goalkeeper,GKP,Brighton,BHA,20.2,,1.0,,1.0,a,45,3420,0,135,30.0
Alireza,Jahanbakhsh,Midfielder,MID,Brighton,BHA,0.1,,1.0,,1.0,a,55,305,0,28,5.1
José,Izquierdo,Midfielder,MID,Brighton,BHA,0.0,,1.0,0.0,0.0,i,55,0,0,0,0.0
Matthew,Clarke,Defender,DEF,Brighton,BHA,0.0,,1.0,0.0,0.0,n,45,0,0,0,0.0
Ben,White,Defender,DEF,Brighton,BHA,2.0,,1.0,,1.0,a,45,0,0,0,0.0
Bernardo,Fernandes da Silva Junior,Defender,DEF,Brighton,BHA,14.1,,1.0,,1.0,a,40,675,0,21,5.2
Yves,Bissouma,Midfielder,MID,Brighton,BHA,4.3,,1.0,,1.0,a,45,1253,0,39,8.7
Tariq,Lamptey,Defender,DEF,Brighton,BHA,2.1,,1.0,,1.0,a,45,619,0,26,5.8
Aaron,Connolly,Forward,FWD,Brighton,BHA,0.6,,1.0,,1.0,a,55,1250,0,61,11.1
Steven,Alzate,Midfielder,MID,Brighton,BHA,0.4,,1.0,,1.0,a,45,1181,0,33,7.3
Alexis,Mac Allister,Midfielder,MID,Brighton,BHA,0.1,,1.0,,1.0,a,55,348,0,12,2.2
Christian,Walton,Goalkeeper,GKP,Brighton,BHA,1.8,,1.0,,1.0,a,40,0,0,0,0.0
James,Tarkowski,Defender,DEF,Burnley,BUR,6.9,,1.0,,1.0,a,55,3420,0,143,26.0
Phil,Bardsley,Defender,DEF,Burnley,BUR,0.7,,1.0,,1.0,a,45,1890,0,78,17.3
Erik,Pieters,Defender,DEF,Burnley,BUR,1.6,,1.0,,1.0,a,45,1876,0,77,17.1
Jack,Cork,Midfielder,MID,Burnley,BUR,0.0,,1.0,0.0,0.0,i,50,2614,0,70,14.0
Kevin,Long,Defender,DEF,Burnley,BUR,0.2,,1.0,,1.0,a,45,562,0,21,4.7
Jay,Rodriguez,Forward,FWD,Burnley,BUR,0.9,,1.0,,1.0,a,60,2002,0,100,16.7
Ashley,Barnes,Forward,FWD,Burnley,BUR,0.2,,1.0,0.0,0.0,i,60,1350,0,61,10.2
Ben,Mee,Defender,DEF,Burnley,BUR,0.6,,1.0,0.0,0.0,i,50,2880,0,110,22.0
Ashley,Westwood,Midfielder,MID,Burnley,BUR,1.1,,1.0,,1.0,a,55,3150,0,118,21.5
Johann Berg,Gudmundsson,Midfielder,MID,Burnley,BUR,0.1,,1.0,,1.0,a,55,617,0,30,5.5
Chris,Wood,Forward,FWD,Burnley,BUR,2.7,,1.0,,1.0,a,65,2436,0,136,20.9
Matthew,Lowton,Defender,DEF,Burnley,BUR,0.2,,1.0,,1.0,a,45,1530,0,48,10.7
Matej,Vydra,Forward,FWD,Burnley,BUR,0.6,,1.0,,1.0,a,50,807,0,39,7.8
Ben,Gibson,Defender,DEF,Burnley,BUR,0.4,,1.0,0.0,0.0,n,40,0,0,0,0.0
Robbie,Brady,Midfielder,MID,Burnley,BUR,0.1,,1.0,,1.0,a,50,445,0,32,6.4
Nick,Pope,Goalkeeper,GKP,Burnley,BUR,18.7,,1.0,,1.0,a,55,3420,0,170,30.9
Charlie,Taylor,Defender,DEF,Burnley,BUR,5.7,,1.0,,1.0,a,45,1944,0,84,18.7
Josh,Brownhill,Midfielder,MID,Burnley,BUR,0.0,,1.0,,1.0,a,50,805,0,21,4.2
Bailey,Peacock-Farrell,Goalkeeper,GKP,Burnley,BUR,1.5,,1.0,,1.0,a,40,0,0,0,0.0
Dwight,McNeil,Midfielder,MID,Burnley,BUR,1.1,,1.0,,1.0,a,60,3339,0,123,20.5
Jimmy,Dunne,Defender,DEF,Burnley,BUR,0.2,,1.0,,1.0,a,40,0,0,0,0.0
Bobby,Thomas,Defender,DEF,Burnley,BUR,0.1,,1.0,,1.0,a,40,0,0,0,0.0
Willy,Caballero,Goalkeeper,GKP,Chelsea,CHE,0.4,,1.0,,1.0,a,50,450,0,13,2.6
César,Azpilicueta,Defender,DEF,Chelsea,CHE,8.2,,1.0,,1.0,a,60,3229,0,130,21.7
Olivier,Giroud,Forward,FWD,Chelsea,CHE,1.4,,1.0,,1.0,a,70,988,0,68,9.7
Marcos,Alonso,Defender,DEF,Chelsea,CHE,3.7,,1.0,,1.0,a,60,1429,0,100,16.7
Jorge Luiz,Frello Filho,Midfielder,MID,Chelsea,CHE,1.8,,1.0,,1.0,a,50,2376,0,92,18.4
Ross,Barkley,Midfielder,MID,Chelsea,CHE,0.3,,1.0,,1.0,a,60,1095,0,61,10.2
Mateo,Kovacic,Midfielder,MID,Chelsea,CHE,0.1,,1.0,0.0,0.0,s,55,2065,0,68,12.4
Antonio,Rüdiger,Defender,DEF,Chelsea,CHE,2.2,,1.0,,1.0,a,50,1710,0,63,12.6
Kurt,Zouma,Defender,DEF,Chelsea,CHE,0.9,,1.0,,1.0,a,50,2343,0,62,12.4
Emerson,Palmieri dos Santos,Defender,DEF,Chelsea,CHE,0.2,,1.0,,1.0,a,50,1022,0,19,3.8
Kepa,Arrizabalaga,Goalkeeper,GKP,Chelsea,CHE,2.3,,1.0,,1.0,a,50,2970,0,90,18.0
N'Golo,Kanté,Midfielder,MID,Chelsea,CHE,4.0,,1.0,,1.0,a,50,1730,0,57,11.4
Hakim,Ziyech,Midfielder,MID,Chelsea,CHE,3.5,,1.0,0.0,0.0,i,80,0,0,0,0.0
Ruben,Loftus-Cheek,Midfielder,MID,Chelsea,CHE,0.2,,1.0,,1.0,a,60,203,0,12,2.0
Andreas,Christensen,Defender,DEF,Chelsea,CHE,0.3,,1.0,,1.0,a,50,1751,0,34,6.8
Timo,Werner,Forward,FWD,Chelsea,CHE,48.9,,1.0,,1.0,a,95,0,0,0,0.0
Tammy,Abraham,Forward,FWD,Chelsea,CHE,5.5,,1.0,,1.0,a,75,2206,0,153,20.4
Christian,Pulisic,Midfielder,MID,Chelsea,CHE,9.4,,1.0,100.0,1.0,a,85,1717,0,127,14.9
Mason,Mount,Midfielder,MID,Chelsea,CHE,9.4,,1.0,,1.0,a,70,2865,0,137,19.6
Fikayo,Tomori,Defender,DEF,Chelsea,CHE,0.4,,1.0,,1.0,a,50,1291,0,48,9.6
Callum,Hudson-Odoi,Midfielder,MID,Chelsea,CHE,0.5,,1.0,,1.0,a,60,849,0,53,8.8
Reece,James,Defender,DEF,Chelsea,CHE,4.7,,1.0,,1.0,a,50,1510,0,61,12.2
Billy,Gilmour,Midfielder,MID,Chelsea,CHE,0.2,,1.0,0.0,0.0,i,45,191,0,9,2.0
Benjamin,Chilwell,Defender,DEF,Chelsea,CHE,1.5,,1.0,0.0,0.0,i,55,2374,0,114,20.7
Thiago,Thiago,Defender,DEF,Chelsea,CHE,4.1,,1.0,25.0,0.25,d,55,0,0,0,0.0
Kai,Havertz,Midfielder,MID,Chelsea,CHE,12.7,,1.0,,1.0,a,85,0,0,0,0.0
Michy,Batshuayi,Forward,FWD,Crystal Palace,CRY,1.7,,1.0,,1.0,a,60,224,0,28,4.7
Gary,Cahill,Defender,DEF,Crystal Palace,CRY,0.1,,1.0,0.0,0.0,i,45,2167,0,70,15.6
Wayne,Hennessey,Goalkeeper,GKP,Crystal Palace,CRY,0.9,,1.0,,1.0,a,45,270,0,7,1.6
Mamadou,Sakho,Defender,DEF,Crystal Palace,CRY,0.0,,1.0,0.0,0.0,i,45,929,0,11,2.4
Vicente,Guaita,Goalkeeper,GKP,Crystal Palace,CRY,1.5,,1.0,,1.0,a,50,3150,0,137,27.4
James,Tomkins,Defender,DEF,Crystal Palace,CRY,0.0,,1.0,0.0,0.0,i,45,1582,0,48,10.7
James,McArthur,Midfielder,MID,Crystal Palace,CRY,0.2,,1.0,,1.0,a,55,3091,0,92,16.7
James,McCarthy,Midfielder,MID,Crystal Palace,CRY,2.5,,1.0,,1.0,a,45,1668,0,41,9.1
Christian,Benteke,Forward,FWD,Crystal Palace,CRY,0.3,,1.0,0.0,0.0,i,55,1252,0,42,7.6
Cheikhou,Kouyaté,Midfielder,MID,Crystal Palace,CRY,0.2,,1.0,,1.0,a,50,2524,0,85,17.0
Joel,Ward,Defender,DEF,Crystal Palace,CRY,1.8,,1.0,,1.0,a,45,2380,0,77,17.1
Martin,Kelly,Defender,DEF,Crystal Palace,CRY,1.4,,1.0,,1.0,a,45,1547,0,64,14.2
Connor,Wickham,Forward,FWD,Crystal Palace,CRY,1.8,,1.0,0.0,0.0,i,45,90,0,15,3.3
Andros,Townsend,Midfielder,MID,Crystal Palace,CRY,0.3,,1.0,,1.0,a,60,1284,0,48,8.0
Luka,Milivojevic,Midfielder,MID,Crystal Palace,CRY,1.0,,1.0,,1.0,a,60,2510,0,81,13.5
Patrick,van Aanholt,Defender,DEF,Crystal Palace,CRY,0.1,,1.0,0.0,0.0,i,55,2507,0,109,19.8
Jordan,Ayew,Forward,FWD,Crystal Palace,CRY,7.1,,1.0,,1.0,a,60,3148,0,132,22.0
Wilfried,Zaha,Midfielder,MID,Crystal Palace,CRY,7.9,,1.0,,1.0,a,70,3279,0,120,17.1
Jeffrey,Schlupp,Midfielder,MID,Crystal Palace,CRY,0.1,,1.0,,1.0,a,55,1030,0,51,9.3
Max,Meyer,Midfielder,MID,Crystal Palace,CRY,0.1,,1.0,,1.0,a,50,645,0,23,4.6
Jairo,Riedewald,Midfielder,MID,Crystal Palace,CRY,0.2,,1.0,,1.0,a,45,761,0,22,4.9
Nathan,Ferguson,Defender,DEF,Crystal Palace,CRY,2.2,,1.0,0.0,0.0,i,40,0,0,0,0.0
Tyrick,Mitchell,Defender,DEF,Crystal Palace,CRY,12.4,,1.0,,1.0,a,40,193,0,4,1.0
Brandon,Pierrick,Midfielder,MID,Crystal Palace,CRY,0.1,,1.0,,1.0,a,45,13,0,2,0.4
Scott,Dann,Defender,DEF,Crystal Palace,CRY,0.3,,1.0,,1.0,a,45,1264,0,51,11.3
Eberechi,Eze,Midfielder,MID,Crystal Palace,CRY,0.7,,1.0,75.0,0.75,d,60,0,0,0,0.0
Theo,Walcott,Midfielder,MID,Everton,EVE,0.3,,1.0,,1.0,a,60,1281,0,63,10.5
Fabian,Delph,Midfielder,MID,Everton,EVE,0.1,,1.0,50.0,0.5,d,50,1187,0,24,4.8
Gylfi,Sigurdsson,Midfielder,MID,Everton,EVE,1.9,,1.0,,1.0,a,70,2555,0,95,13.6
Jonas,Lössl,Goalkeeper,GKP,Everton,EVE,0.2,,1.0,,1.0,a,45,0,0,0,0.0
Seamus,Coleman,Defender,DEF,Everton,EVE,0.7,,1.0,,1.0,a,50,1833,0,55,11.0
Cenk,Tosun,Forward,FWD,Everton,EVE,0.0,,1.0,0.0,0.0,i,60,462,0,24,4.0
Bernard,Anício Caldeira Duarte,Midfielder,MID,Everton,EVE,0.2,,1.0,,1.0,a,60,1269,0,72,12.0
Lucas,Digne,Defender,DEF,Everton,EVE,7.1,,1.0,,1.0,a,60,3031,0,120,20.0
Michael,Keane,Defender,DEF,Everton,EVE,1.7,,1.0,,1.0,a,50,2556,0,90,18.0
Jordan,Pickford,Goalkeeper,GKP,Everton,EVE,4.7,,1.0,,1.0,a,50,3420,0,117,23.4
André Filipe,Tavares Gomes,Midfielder,MID,Everton,EVE,0.4,,1.0,,1.0,a,55,1457,0,39,7.1
Alex,Iwobi,Midfielder,MID,Everton,EVE,0.2,,1.0,,1.0,a,60,1591,0,52,8.7
Jonjoe,Kenny,Defender,DEF,Everton,EVE,0.2,,1.0,,1.0,a,45,0,0,0,0.0
Jean-Philippe,Gbamin,Midfielder,MID,Everton,EVE,0.0,,1.0,0.0,0.0,i,50,135,0,4,0.8
Yerry,Mina,Defender,DEF,Everton,EVE,0.9,,1.0,,1.0,a,55,2281,0,78,14.2
Tom,Davies,Midfielder,MID,Everton,EVE,0.1,,1.0,,1.0,a,55,2020,0,59,10.7
Dominic,Calvert-Lewin,Forward,FWD,Everton,EVE,6.7,,1.0,,1.0,a,70,2621,0,126,18.0
Mason,Holgate,Defender,DEF,Everton,EVE,0.2,,1.0,25.0,0.25,d,50,2052,0,71,14.2
Richarlison,de Andrade,Forward,FWD,Everton,EVE,10.6,,1.0,,1.0,a,80,3070,0,165,20.6
João,Virgínia,Goalkeeper,GKP,Everton,EVE,0.1,,1.0,,1.0,a,45,0,0,0,0.0
Anthony,Gordon,Midfielder,MID,Everton,EVE,1.0,,1.0,,1.0,a,45,436,0,17,3.8
Moise,Kean,Forward,FWD,Everton,EVE,0.5,,1.0,,1.0,a,60,830,0,53,8.8
Jarrad,Branthwaite,Defender,DEF,Everton,EVE,4.6,,1.0,,1.0,a,40,299,0,11,2.8
Allan,Marques Loureiro,Midfielder,MID,Everton,EVE,1.3,,1.0,,1.0,a,55,0,0,0,0.0
James,Rodríguez,Midfielder,MID,Everton,EVE,7.8,,1.0,,1.0,a,75,0,0,0,0.0
Abdoulaye,Doucouré,Midfielder,MID,Everton,EVE,2.1,,1.0,,1.0,a,55,3156,0,113,20.5
Fabricio,Agosto Ramírez,Goalkeeper,GKP,Fulham,FUL,2.1,,1.0,,1.0,a,40,0,0,0,0.0
Kevin,McDonald,Midfielder,MID,Fulham,FUL,0.1,,1.0,,1.0,a,50,0,0,0,0.0
Maxime,Le Marchand,Defender,DEF,Fulham,FUL,0.2,,1.0,,1.0,a,45,0,0,0,0.0
Stefan,Johansen,Midfielder,MID,Fulham,FUL,0.1,,1.0,,1.0,a,50,0,0,0,0.0
Tom,Cairney,Midfielder,MID,Fulham,FUL,0.4,,1.0,,1.0,a,55,0,0,0,0.0
Tim,Ream,Defender,DEF,Fulham,FUL,0.2,,1.0,,1.0,a,45,0,0,0,0.0
Anthony,Knockaert,Midfielder,MID,Fulham,FUL,0.2,,1.0,,1.0,a,55,0,0,0,0.0
Michael,Hector,Defender,DEF,Fulham,FUL,0.4,,1.0,,1.0,a,45,0,0,0,0.0
Cyrus,Christie,Defender,DEF,Fulham,FUL,0.2,,1.0,,1.0,a,45,0,0,0,0.0
Neeskens,Kebano,Midfielder,MID,Fulham,FUL,0.2,,1.0,,1.0,a,50,0,0,0,0.0
Bobby,Decordova-Reid,Forward,FWD,Fulham,FUL,0.2,,1.0,,1.0,a,55,0,0,0,0.0
Joe,Bryan,Defender,DEF,Fulham,FUL,1.1,,1.0,,1.0,a,50,0,0,0,0.0
Marcus,Bettinelli,Goalkeeper,GKP,Fulham,FUL,0.2,,1.0,0.0,0.0,n,45,0,0,0,0.0
Aleksandar,Mitrović,Forward,FWD,Fulham,FUL,25.5,,1.0,,1.0,a,60,0,0,0,0.0
Alfie,Mawson,Defender,DEF,Fulham,FUL,0.0,,1.0,0.0,0.0,n,45,0,0,0,0.0
Marek,Rodák,Goalkeeper,GKP,Fulham,FUL,0.5,,1.0,,1.0,a,45,0,0,0,0.0
Ivan Ricardo,Neves Abreu Cavaleiro,Midfielder,MID,Fulham,FUL,0.1,,1.0,,1.0,a,55,0,0,0,0.0
Josh,Onomah,Midfielder,MID,Fulham,FUL,0.2,,1.0,,1.0,a,50,0,0,0,0.0
Jean Michaël,Seri,Midfielder,MID,Fulham,FUL,0.2,,1.0,,1.0,a,50,0,0,0,0.0
Aboubakar,Kamara,Midfielder,MID,Fulham,FUL,0.1,,1.0,,1.0,a,50,0,0,0,0.0
André-Frank,Zambo Anguissa,Midfielder,MID,Fulham,FUL,1.0,,1.0,,1.0,a,45,0,0,0,0.0
Zeze Steven,Sessegnon,Defender,DEF,Fulham,FUL,0.3,,1.0,0.0,0.0,n,45,0,0,0,0.0
Harrison,Reed,Midfielder,MID,Fulham,FUL,1.0,,1.0,,1.0,a,45,0,0,0,0.0
Antonee,Robinson,Defender,DEF,Fulham,FUL,0.2,,1.0,,1.0,a,45,0,0,0,0.0
Mario,Lemina,Midfielder,MID,Fulham,FUL,1.3,,1.0,,1.0,a,45,0,0,0,0.0
Alphonse,Areola,Goalkeeper,GKP,Fulham,FUL,0.7,,1.0,,1.0,a,45,0,0,0,0.0
Kenny,Tete,Defender,DEF,Fulham,FUL,0.1,,1.0,,1.0,a,45,0,0,0,0.0
Wes,Morgan,Defender,DEF,Leicester,LEI,0.1,,1.0,75.0,0.75,d,45,430,0,19,4.2
Kasper,Schmeichel,Goalkeeper,GKP,Leicester,LEI,14.2,,1.0,,1.0,a,55,3420,0,156,28.4
Christian,Fuchs,Defender,DEF,Leicester,LEI,0.0,,1.0,50.0,0.5,d,45,770,0,26,5.8
Jonny,Evans,Defender,DEF,Leicester,LEI,0.1,,1.0,0.0,0.0,s,55,3384,0,128,23.3
Adrien,Silva,Midfielder,MID,Leicester,LEI,0.7,,1.0,,1.0,a,45,0,0,0,0.0
Marc,Albrighton,Midfielder,MID,Leicester,LEI,0.2,,1.0,,1.0,a,55,857,0,38,6.9
Matty,James,Midfielder,MID,Leicester,LEI,0.5,,1.0,,1.0,a,45,5,0,1,0.2
Danny,Ward,Goalkeeper,GKP,Leicester,LEI,0.2,,1.0,,1.0,a,45,0,0,0,0.0
Jamie,Vardy,Forward,FWD,Leicester,LEI,17.9,,1.0,,1.0,a,100,3032,0,210,21.0
Dennis,Praet,Midfielder,MID,Leicester,LEI,0.1,,1.0,,1.0,a,55,1122,0,54,9.8
Ricardo Domingos,Barbosa Pereira,Defender,DEF,Leicester,LEI,0.2,,1.0,0.0,0.0,i,60,2520,0,123,20.5
Daniel,Amartey,Defender,DEF,Leicester,LEI,1.4,,1.0,100.0,1.0,a,40,0,0,0,0.0
Youri,Tielemans,Midfielder,MID,Leicester,LEI,2.2,,1.0,,1.0,a,65,2823,0,117,18.0
Ayoze,Pérez,Midfielder,MID,Leicester,LEI,3.7,,1.0,,1.0,a,65,1998,0,129,19.8
Demarai,Gray,Midfielder,MID,Leicester,LEI,0.2,,1.0,,1.0,a,55,605,0,44,8.0
James,Maddison,Midfielder,MID,Leicester,LEI,1.8,,1.0,50.0,0.5,d,70,2624,0,125,17.9
Kelechi,Iheanacho,Forward,FWD,Leicester,LEI,0.7,,1.0,,1.0,a,60,953,0,64,10.7
Hamza,Choudhury,Midfielder,MID,Leicester,LEI,0.1,,1.0,,1.0,a,50,883,0,35,7.0
Harvey,Barnes,Midfielder,MID,Leicester,LEI,4.4,,1.0,,1.0,a,70,2075,0,133,19.0
Wilfred,Ndidi,Midfielder,MID,Leicester,LEI,2.2,,1.0,,1.0,a,50,2671,0,85,17.0
Filip,Benkovic,Defender,DEF,Leicester,LEI,0.2,,1.0,0.0,0.0,i,45,0,0,0,0.0
Çaglar,Söyüncü,Defender,DEF,Leicester,LEI,13.1,,1.0,,1.0,a,55,3036,0,120,21.8
James,Justin,Defender,DEF,Leicester,LEI,10.7,,1.0,,1.0,a,45,1010,0,35,7.8
Luke,Thomas,Defender,DEF,Leicester,LEI,0.5,,1.0,,1.0,a,45,267,0,15,3.3
Timothy,Castagne,Defender,DEF,Leicester,LEI,1.1,,1.0,,1.0,a,55,0,0,0,0.0
Nampalys,Mendy,Midfielder,MID,Leicester,LEI,0.2,,1.0,,1.0,a,45,288,0,11,2.4
Pablo,Hernández Domínguez,Midfielder,MID,Leeds,LEE,2.1,,1.0,,1.0,a,60,0,0,0,0.0
Francisco,Casilla Cortés,Goalkeeper,GKP,Leeds,LEE,2.8,,1.0,,1.0,a,45,0,0,0,0.0
Liam,Cooper,Defender,DEF,Leeds,LEE,0.9,,1.0,,1.0,a,45,0,0,0,0.0
Barry,Douglas,Defender,DEF,Leeds,LEE,16.2,,1.0,,1.0,a,40,0,0,0,0.0
Luke,Ayling,Defender,DEF,Leeds,LEE,4.1,,1.0,,1.0,a,45,0,0,0,0.0
Mateusz,Klich,Midfielder,MID,Leeds,LEE,0.6,,1.0,,1.0,a,55,0,0,0,0.0
Adam,Forshaw,Midfielder,MID,Leeds,LEE,0.1,,1.0,0.0,0.0,i,50,0,0,0,0.0
Stuart,Dallas,Defender,DEF,Leeds,LEE,4.7,,1.0,,1.0,a,45,0,0,0,0.0
Ezgjan,Alioski,Defender,DEF,Leeds,LEE,0.8,,1.0,,1.0,a,45,0,0,0,0.0
Patrick,Bamford,Forward,FWD,Leeds,LEE,4.3,,1.0,,1.0,a,55,0,0,0,0.0
Jack,Harrison,Midfielder,MID,Leeds,LEE,0.6,,1.0,,1.0,a,55,0,0,0,0.0
Kalvin,Phillips,Midfielder,MID,Leeds,LEE,2.5,,1.0,,1.0,a,50,0,0,0,0.0
Hélder Wander,Sousa de Azevedo e Costa,Midfielder,MID,Leeds,LEE,0.3,,1.0,,1.0,a,55,0,0,0,0.0
Tyler,Roberts,Midfielder,MID,Leeds,LEE,0.1,,1.0,,1.0,a,50,0,0,0,0.0
Jay-Roy,Grot,Midfielder,MID,Leeds,LEE,0.0,,1.0,,1.0,a,50,0,0,0,0.0
Kamil,Miazek,Goalkeeper,GKP,Leeds,LEE,2.4,,1.0,,1.0,a,40,0,0,0,0.0
Ian Carlo,Poveda-Ocampo,Midfielder,MID,Leeds,LEE,0.4,,1.0,,1.0,a,45,0,0,0,0.0
Jamie,Shackleton,Midfielder,MID,Leeds,LEE,0.1,,1.0,,1.0,a,50,0,0,0,0.0
Pascal,Struijk,Defender,DEF,Leeds,LEE,1.8,,1.0,,1.0,a,40,0,0,0,0.0
Jordan,Stevens,Midfielder,MID,Leeds,LEE,1.7,,1.0,,1.0,a,45,0,0,0,0.0
Illan,Meslier,Goalkeeper,GKP,Leeds,LEE,1.0,,1.0,,1.0,a,45,0,0,0,0.0
Leif,Davis,Defender,DEF,Leeds,LEE,1.6,,1.0,,1.0,a,40,0,0,0,0.0
Oliver,Casey,Defender,DEF,Leeds,LEE,1.0,,1.0,,1.0,a,40,0,0,0,0.0
Robin,Koch,Defender,DEF,Leeds,LEE,0.6,,1.0,,1.0,a,45,0,0,0,0.0
Rodrigo,Moreno,Forward,FWD,Leeds,LEE,8.2,,1.0,,1.0,a,60,0,0,0,0.0
James,Milner,Midfielder,MID,Liverpool,LIV,0.2,,1.0,,1.0,a,55,924,0,49,8.9
Konstantinos,Tsimikas,Defender,DEF,Liverpool,LIV,0.1,,1.0,75.0,0.75,d,50,0,0,0,0.0
Georginio,Wijnaldum,Midfielder,MID,Liverpool,LIV,1.9,,1.0,,1.0,a,55,2933,0,107,19.5
Jordan,Henderson,Midfielder,MID,Liverpool,LIV,4.1,,1.0,75.0,0.75,d,55,2234,0,116,21.1
Adrián,San Miguel del Castillo,Goalkeeper,GKP,Liverpool,LIV,0.3,,1.0,,1.0,a,45,873,0,27,6.0
Joel,Matip,Defender,DEF,Liverpool,LIV,0.5,,1.0,,1.0,a,55,703,0,39,7.1
Xherdan,Shaqiri,Midfielder,MID,Liverpool,LIV,0.1,,1.0,75.0,0.75,d,65,181,0,15,2.3
Alex,Oxlade-Chamberlain,Midfielder,MID,Liverpool,LIV,0.1,,1.0,50.0,0.5,d,65,1475,0,76,11.7
Roberto,Firmino,Forward,FWD,Liverpool,LIV,4.2,,1.0,,1.0,a,95,2985,0,155,16.3
Virgil,van Dijk,Defender,DEF,Liverpool,LIV,26.5,,1.0,,1.0,a,65,3420,0,178,27.4
Sadio,Mané,Midfielder,MID,Liverpool,LIV,13.8,,1.0,,1.0,a,120,2745,0,221,18.4
Alisson,Ramses Becker,Goalkeeper,GKP,Liverpool,LIV,12.3,,1.0,,1.0,a,60,2543,0,122,20.3
Fabio Henrique,Tavares,Midfielder,MID,Liverpool,LIV,1.3,,1.0,,1.0,a,55,2073,0,77,14.0
Mohamed,Salah,Midfielder,MID,Liverpool,LIV,31.3,,1.0,,1.0,a,120,2879,0,233,19.4
Andrew,Robertson,Defender,DEF,Liverpool,LIV,13.3,,1.0,,1.0,a,70,3111,0,181,25.9
Divock,Origi,Forward,FWD,Liverpool,LIV,1.3,,1.0,,1.0,a,55,699,0,65,11.8
Harry,Wilson,Midfielder,MID,Liverpool,LIV,0.1,,1.0,,1.0,a,55,1637,0,91,16.5
Takumi,Minamino,Midfielder,MID,Liverpool,LIV,0.6,,1.0,,1.0,a,65,241,0,11,1.7
Trent,Alexander-Arnold,Defender,DEF,Liverpool,LIV,55.8,,1.0,,1.0,a,75,3173,0,210,28.0
Joseph,Gomez,Defender,DEF,Liverpool,LIV,5.1,,1.0,,1.0,a,55,1999,0,93,16.9
Naby,Keita,Midfielder,MID,Liverpool,LIV,1.1,,1.0,,1.0,a,55,806,0,52,9.5
Rhian,Brewster,Forward,FWD,Liverpool,LIV,6.2,,1.0,,1.0,a,45,0,0,0,0.0
Curtis,Jones,Midfielder,MID,Liverpool,LIV,0.6,,1.0,,1.0,a,45,121,0,13,2.9
Neco,Williams,Defender,DEF,Liverpool,LIV,4.9,,1.0,,1.0,a,40,228,0,14,3.5
Harvey,Elliott,Midfielder,MID,Liverpool,LIV,0.2,,1.0,,1.0,a,45,7,0,2,0.4
Fernando,Luiz Rosa,Defender,DEF,Man City,MCI,1.0,,1.0,,1.0,a,55,2394,0,55,10.0
Claudio,Bravo,Goalkeeper,GKP,Man City,MCI,0.0,,1.0,0.0,0.0,u,45,346,0,11,2.4
Sergio,Agüero,Forward,FWD,Man City,MCI,4.0,,1.0,,1.0,a,105,1449,0,132,12.6
Nicolás,Otamendi,Defender,DEF,Man City,MCI,0.7,,1.0,,1.0,a,50,1710,0,82,16.4
Kyle,Walker,Defender,DEF,Man City,MCI,5.3,,1.0,,1.0,a,60,2392,0,114,19.0
Ilkay,Gündogan,Midfielder,MID,Man City,MCI,0.5,,1.0,,1.0,a,55,2012,0,65,11.8
Kevin,De Bruyne,Midfielder,MID,Man City,MCI,27.4,,1.0,,1.0,a,115,2790,0,251,21.8
John,Stones,Defender,DEF,Man City,MCI,0.4,,1.0,,1.0,a,50,1118,0,34,6.8
Benjamin,Mendy,Defender,DEF,Man City,MCI,2.1,,1.0,,1.0,a,60,1491,0,74,12.3
Riyad,Mahrez,Midfielder,MID,Man City,MCI,2.1,,1.0,,1.0,a,85,1934,0,175,20.6
Raheem,Sterling,Midfielder,MID,Man City,MCI,3.8,,1.0,,1.0,a,115,2651,0,204,17.7
João Pedro Cavaco,Cancelo,Defender,DEF,Man City,MCI,0.9,,1.0,,1.0,a,55,1205,0,45,8.2
Ederson,Santana de Moraes,Goalkeeper,GKP,Man City,MCI,4.9,,1.0,,1.0,a,60,3071,0,133,22.2
Nathan,Aké,Defender,DEF,Man City,MCI,7.5,,1.0,,1.0,a,55,2503,0,79,14.4
Aymeric,Laporte,Defender,DEF,Man City,MCI,5.3,,1.0,,1.0,a,60,1096,0,63,10.5
Bernardo Mota,Veiga de Carvalho e Silva,Midfielder,MID,Man City,MCI,1.1,,1.0,75.0,0.75,d,75,2021,0,116,15.5
Gabriel Fernando,de Jesus,Forward,FWD,Man City,MCI,1.8,,1.0,,1.0,a,95,2018,0,146,15.4
Oleksandr,Zinchenko,Defender,DEF,Man City,MCI,0.5,,1.0,,1.0,a,55,1271,0,49,8.9
Phil,Foden,Midfielder,MID,Man City,MCI,4.5,,1.0,,1.0,a,65,888,0,69,10.6
Tommy,Doyle,Midfielder,MID,Man City,MCI,0.1,,1.0,,1.0,a,45,15,0,1,0.2
Rodrigo,Hernandez,Midfielder,MID,Man City,MCI,0.6,,1.0,,1.0,a,55,2480,0,92,16.7
Ferran,Torres,Midfielder,MID,Man City,MCI,1.5,,1.0,,1.0,a,70,0,0,0,0.0
Eric,Garcia,Defender,DEF,Man City,MCI,0.3,,1.0,,1.0,a,50,790,0,38,7.6
Sergio,Romero,Goalkeeper,GKP,Man Utd,MUN,0.2,,1.0,,1.0,a,50,0,0,0,0.0
Juan,Mata,Midfielder,MID,Man Utd,MUN,0.1,,1.0,,1.0,a,60,747,0,38,6.3
David,de Gea,Goalkeeper,GKP,Man Utd,MUN,4.1,,1.0,,1.0,a,55,3420,0,143,26.0
Chris,Smalling,Defender,DEF,Man Utd,MUN,0.2,,1.0,,1.0,a,50,0,0,0,0.0
Odion,Ighalo,Forward,FWD,Man Utd,MUN,0.3,,1.0,,1.0,a,65,92,0,11,1.7
Marcos,Rojo,Defender,DEF,Man Utd,MUN,0.1,,1.0,,1.0,a,50,121,0,3,0.6
Nemanja,Matic,Midfielder,MID,Man Utd,MUN,0.3,,1.0,,1.0,a,50,1578,0,55,11.0
Paul,Pogba,Midfielder,MID,Man Utd,MUN,1.7,,1.0,,1.0,a,80,1202,0,51,6.4
Phil,Jones,Defender,DEF,Man Utd,MUN,0.1,,1.0,,1.0,a,50,135,0,2,0.4
Harry,Maguire,Defender,DEF,Man Utd,MUN,3.8,,1.0,,1.0,a,55,3420,0,123,22.4
Frederico,Rodrigues de Paula Santos,Midfielder,MID,Man Utd,MUN,0.2,,1.0,,1.0,a,55,2157,0,50,9.1
Luke,Shaw,Defender,DEF,Man Utd,MUN,1.2,,1.0,,1.0,a,50,1730,0,67,13.4
Jesse,Lingard,Midfielder,MID,Man Utd,MUN,0.2,,1.0,,1.0,a,60,923,0,32,5.3
Bruno Miguel,Borges Fernandes,Midfielder,MID,Man Utd,MUN,18.5,,1.0,,1.0,a,105,1187,0,117,11.1
Anthony,Martial,Forward,FWD,Man Utd,MUN,13.2,,1.0,,1.0,a,90,2625,0,200,22.2
Andreas,Pereira,Midfielder,MID,Man Utd,MUN,0.1,,1.0,,1.0,a,50,1478,0,60,12.0
Dean,Henderson,Goalkeeper,GKP,Man Utd,MUN,3.5,,1.0,,1.0,a,55,3240,0,160,29.1
Marcus,Rashford,Midfielder,MID,Man Utd,MUN,5.2,,1.0,,1.0,a,95,2645,0,177,18.6
Axel,Tuanzebe,Defender,DEF,Man Utd,MUN,0.1,,1.0,0.0,0.0,i,45,187,0,7,1.6
Victor,Lindelöf,Defender,DEF,Man Utd,MUN,2.0,,1.0,,1.0,a,50,3092,0,116,23.2
Scott,McTominay,Midfielder,MID,Man Utd,MUN,0.3,,1.0,,1.0,a,50,1765,0,74,14.8
Eric,Bailly,Defender,DEF,Man Utd,MUN,0.2,,1.0,,1.0,a,50,148,0,9,1.8
Daniel,James,Midfielder,MID,Man Utd,MUN,0.4,,1.0,,1.0,a,65,2281,0,95,14.6
Timothy,Fosu-Mensah,Defender,DEF,Man Utd,MUN,0.1,,1.0,,1.0,a,45,136,0,7,1.6
Aaron,Wan-Bissaka,Defender,DEF,Man Utd,MUN,12.4,,1.0,,1.0,a,55,3070,0,127,23.1
José Diogo,Dalot Teixeira,Defender,DEF,Man Utd,MUN,0.1,,1.0,,1.0,a,50,65,0,4,0.8
Mason,Greenwood,Midfielder,MID,Man Utd,MUN,8.6,,1.0,,1.0,a,75,1303,0,103,13.7
Tahith,Chong,Midfielder,MID,Man Utd,MUN,0.0,,1.0,0.0,0.0,n,45,34,0,3,0.7
James,Garner,Midfielder,MID,Man Utd,MUN,0.1,,1.0,,1.0,a,45,8,0,1,0.2
Brandon,Williams,Defender,DEF,Man Utd,MUN,2.0,,1.0,,1.0,a,45,1003,0,51,11.3
Teden,Mengi,Defender,DEF,Man Utd,MUN,0.7,,1.0,,1.0,a,40,0,0,0,0.0
Donny,van de Beek,Midfielder,MID,Man Utd,MUN,3.2,,1.0,,1.0,a,70,0,0,0,0.0
Andy,Carroll,Forward,FWD,Newcastle,NEW,0.4,,1.0,,1.0,a,55,617,0,34,6.2
Jonjo,Shelvey,Midfielder,MID,Newcastle,NEW,0.5,,1.0,75.0,0.75,d,55,2118,0,105,19.1
Matt,Ritchie,Midfielder,MID,Newcastle,NEW,0.2,,1.0,50.0,0.5,d,50,1312,0,74,14.8
Federico,Fernández,Defender,DEF,Newcastle,NEW,1.5,,1.0,,1.0,a,50,2617,0,102,20.4
Ciaran,Clark,Defender,DEF,Newcastle,NEW,0.1,,1.0,25.0,0.25,d,45,1186,0,49,10.9
Karl,Darlow,Goalkeeper,GKP,Newcastle,NEW,0.2,,1.0,,1.0,a,50,0,0,0,0.0
Martin,Dubravka,Goalkeeper,GKP,Newcastle,NEW,0.6,,1.0,0.0,0.0,i,50,3420,0,143,28.6
Florian,Lejeune,Defender,DEF,Newcastle,NEW,0.1,,1.0,0.0,0.0,n,45,440,0,24,5.3
Jamaal,Lascelles,Defender,DEF,Newcastle,NEW,3.7,,1.0,100.0,1.0,a,45,2076,0,73,16.2
Dwight,Gayle,Forward,FWD,Newcastle,NEW,0.1,,1.0,0.0,0.0,i,60,842,0,58,9.7
Christian,Atsu,Midfielder,MID,Newcastle,NEW,0.1,,1.0,,1.0,a,55,738,0,37,6.7
Paul,Dummett,Defender,DEF,Newcastle,NEW,0.0,,1.0,25.0,0.25,d,45,1227,0,44,9.8
Javier,Manquillo,Defender,DEF,Newcastle,NEW,0.4,,1.0,,1.0,a,45,1597,0,65,14.4
Emil,Krafth,Defender,DEF,Newcastle,NEW,0.1,,1.0,,1.0,a,45,1015,0,37,8.2
Fabian,Schär,Defender,DEF,Newcastle,NEW,0.0,,1.0,0.0,0.0,i,50,1669,0,55,11.0
DeAndre,Yedlin,Defender,DEF,Newcastle,NEW,0.5,,1.0,,1.0,a,45,934,0,26,5.8
Isaac,Hayden,Midfielder,MID,Newcastle,NEW,0.1,,1.0,,1.0,a,50,2220,0,73,14.6
Rolando,Aarons,Midfielder,MID,Newcastle,NEW,0.1,,1.0,,1.0,a,50,0,0,0,0.0
Allan,Saint-Maximin,Midfielder,MID,Newcastle,NEW,22.5,,1.0,,1.0,a,55,1860,0,92,16.7
Miguel,Almirón,Midfielder,MID,Newcastle,NEW,1.1,,1.0,,1.0,a,60,3020,0,109,18.2
Joelinton Cássio,Apolinário de Lira,Forward,FWD,Newcastle,NEW,0.5,,1.0,,1.0,a,60,2678,0,78,13.0
Yoshinori,Muto,Forward,FWD,Newcastle,NEW,0.4,,1.0,,1.0,a,50,207,0,9,1.8
Kelland,Watts,Defender,DEF,Newcastle,NEW,0.4,,1.0,0.0,0.0,n,40,16,0,1,0.2
Sean,Longstaff,Midfielder,MID,Newcastle,NEW,0.1,,1.0,,1.0,a,50,1370,0,44,8.8
Jeff,Hendrick,Midfielder,MID,Newcastle,NEW,0.1,,1.0,,1.0,a,50,1930,0,67,13.4
Matthew,Longstaff,Midfielder,MID,Newcastle,NEW,0.1,,1.0,0.0,0.0,i,50,572,0,27,5.4
Mark,Gillespie,Goalkeeper,GKP,Newcastle,NEW,0.1,,1.0,,1.0,a,45,0,0,0,0.0
Jacob,Murphy,Midfielder,MID,Newcastle,NEW,0.0,,1.0,,1.0,a,50,0,0,0,0.0
Callum,Wilson,Forward,FWD,Newcastle,NEW,8.1,,1.0,,1.0,a,65,2906,0,116,17.8
Ryan,Fraser,Midfielder,MID,Newcastle,NEW,1.1,,1.0,,1.0,a,60,2061,0,73,12.2
Jamal,Lewis,Defender,DEF,Newcastle,NEW,1.2,,1.0,,1.0,a,45,2301,0,48,10.7
Billy,Sharp,Forward,FWD,Sheffield Utd,SHU,0.3,,1.0,,1.0,a,60,1037,0,57,9.5
David,McGoldrick,Forward,FWD,Sheffield Utd,SHU,1.2,,1.0,,1.0,a,55,1810,0,65,11.8
Chris,Basham,Defender,DEF,Sheffield Utd,SHU,2.4,,1.0,,1.0,a,50,3242,0,123,24.6
John,Fleck,Midfielder,MID,Sheffield Utd,SHU,0.6,,1.0,,1.0,a,60,2515,0,101,16.8
Enda,Stevens,Defender,DEF,Sheffield Utd,SHU,6.0,,1.0,,1.0,a,55,3345,0,142,25.8
Simon,Moore,Goalkeeper,GKP,Sheffield Utd,SHU,0.3,,1.0,,1.0,a,45,180,0,3,0.7
Oliver,Norwood,Midfielder,MID,Sheffield Utd,SHU,0.7,,1.0,,1.0,a,50,3089,0,98,19.6
Wes,Foderingham,Goalkeeper,GKP,Sheffield Utd,SHU,0.2,,1.0,,1.0,a,45,0,0,0,0.0
George,Baldock,Defender,DEF,Sheffield Utd,SHU,5.4,,1.0,,1.0,a,55,3420,0,142,25.8
Jack,Robinson,Defender,DEF,Sheffield Utd,SHU,0.2,,1.0,,1.0,a,45,504,0,14,3.1
John,Egan,Defender,DEF,Sheffield Utd,SHU,17.6,,1.0,,1.0,a,50,3187,0,133,26.6
Jack,O'Connell,Defender,DEF,Sheffield Utd,SHU,0.8,,1.0,,1.0,a,50,2915,0,111,22.2
John,Lundstram,Midfielder,MID,Sheffield Utd,SHU,13.6,,1.0,,1.0,a,55,2452,0,144,26.2
Ben,Osborn,Midfielder,MID,Sheffield Utd,SHU,0.0,,1.0,,1.0,a,50,590,0,19,3.8
Oliver,McBurnie,Forward,FWD,Sheffield Utd,SHU,0.8,,1.0,,1.0,a,60,2105,0,86,14.3
Lys,Mousset,Forward,FWD,Sheffield Utd,SHU,0.5,,1.0,,1.0,a,60,1223,0,84,14.0
Sander,Berge,Midfielder,MID,Sheffield Utd,SHU,0.2,,1.0,75.0,0.75,d,50,943,0,40,8.0
Oliver,Burke,Midfielder,MID,Sheffield Utd,SHU,0.9,,1.0,,1.0,a,45,0,0,0,0.0
Luke,Freeman,Midfielder,MID,Sheffield Utd,SHU,0.0,,1.0,0.0,0.0,n,50,360,0,13,2.6
Aaron,Ramsdale,Goalkeeper,GKP,Sheffield Utd,SHU,8.2,,1.0,,1.0,a,50,3330,0,126,25.2
Ethan,Ampadu,Defender,DEF,Sheffield Utd,SHU,0.8,,1.0,,1.0,a,45,0,0,0,0.0
Jayden,Bogle,Defender,DEF,Sheffield Utd,SHU,0.1,,1.0,,1.0,a,45,0,0,0,0.0
Max,Lowe,Defender,DEF,Sheffield Utd,SHU,0.1,,1.0,,1.0,a,45,0,0,0,0.0
Shane,Long,Forward,FWD,Southampton,SOU,1.5,,1.0,,1.0,a,55,1386,0,62,11.3
Ryan,Bertrand,Defender,DEF,Southampton,SOU,1.5,,1.0,,1.0,a,50,2742,0,75,15.0
Alex,McCarthy,Goalkeeper,GKP,Southampton,SOU,22.7,,1.0,,1.0,a,45,2520,0,104,23.1
Oriol,Romeu Vidal,Midfielder,MID,Southampton,SOU,4.7,,1.0,,1.0,a,45,1855,0,51,11.3
Nathan,Redmond,Midfielder,MID,Southampton,SOU,0.9,,1.0,,1.0,a,65,2763,0,107,16.5
Danny,Ings,Forward,FWD,Southampton,SOU,25.3,,1.0,,1.0,a,85,2800,0,198,23.3
Jack,Stephens,Defender,DEF,Southampton,SOU,0.5,,1.0,,1.0,a,50,2451,0,85,17.0
Stuart,Armstrong,Midfielder,MID,Southampton,SOU,0.7,,1.0,0.0,0.0,i,55,1706,0,98,17.8
Jannik,Vestergaard,Defender,DEF,Southampton,SOU,0.6,,1.0,,1.0,a,45,1496,0,51,11.3
James,Ward-Prowse,Midfielder,MID,Southampton,SOU,4.8,,1.0,,1.0,a,60,3420,0,117,19.5
Angus,Gunn,Goalkeeper,GKP,Southampton,SOU,0.4,,1.0,,1.0,a,45,900,0,29,6.4
Sofiane,Boufal,Midfielder,MID,Southampton,SOU,0.1,,1.0,,1.0,a,55,753,0,34,6.2
Josh,Sims,Midfielder,MID,Southampton,SOU,0.2,,1.0,,1.0,a,45,0,0,0,0.0
Kyle,Walker-Peters,Defender,DEF,Southampton,SOU,12.5,,1.0,,1.0,a,45,944,0,32,7.1
Jan,Bednarek,Defender,DEF,Southampton,SOU,3.5,,1.0,,1.0,a,45,3057,0,84,18.7
Che,Adams,Forward,FWD,Southampton,SOU,4.1,,1.0,,1.0,a,60,1095,0,78,13.0
Yan,Valery,Defender,DEF,Southampton,SOU,0.1,,1.0,,1.0,a,50,778,0,18,3.6
William,Smallbone,Midfielder,MID,Southampton,SOU,0.4,,1.0,,1.0,a,45,389,0,24,5.3
Jake,Vokins,Defender,DEF,Southampton,SOU,1.5,,1.0,,1.0,a,40,90,0,2,0.5
Michael,Obafemi,Forward,FWD,Southampton,SOU,2.8,,1.0,,1.0,a,50,655,0,45,9.0
Moussa,Djenepo,Midfielder,MID,Southampton,SOU,0.1,,1.0,,1.0,a,55,920,0,40,7.3
Mohammed,Salisu,Defender,DEF,Southampton,SOU,0.4,,1.0,,1.0,a,45,0,0,0,0.0
Hugo,Lloris,Goalkeeper,GKP,Spurs,TOT,5.2,,1.0,,1.0,a,55,1808,0,98,17.8
Danny,Rose,Defender,DEF,Spurs,TOT,0.4,,1.0,,1.0,a,50,1753,0,47,9.4
Moussa,Sissoko,Midfielder,MID,Spurs,TOT,0.6,,1.0,,1.0,a,50,2451,0,69,13.8
Toby,Alderweireld,Defender,DEF,Spurs,TOT,2.8,,1.0,,1.0,a,55,2957,0,97,17.6
Erik,Lamela,Midfielder,MID,Spurs,TOT,0.2,,1.0,,1.0,a,60,1203,0,65,10.8
Harry,Kane,Forward,FWD,Spurs,TOT,15.6,,1.0,,1.0,a,105,2588,0,158,15.0
Serge,Aurier,Defender,DEF,Spurs,TOT,4.2,,1.0,,1.0,a,55,2699,0,124,22.5
Heung-Min,Son,Midfielder,MID,Spurs,TOT,29.7,,1.0,,1.0,a,90,2478,0,169,18.8
Eric,Dier,Defender,DEF,Spurs,TOT,1.6,,1.0,,1.0,a,50,1340,0,36,7.2
Lucas,Rodrigues Moura da Silva,Midfielder,MID,Spurs,TOT,2.7,,1.0,,1.0,a,70,2235,0,100,14.3
Paulo,Gazzaniga,Goalkeeper,GKP,Spurs,TOT,0.4,,1.0,,1.0,a,45,1612,0,58,12.9
Bamidele,Alli,Midfielder,MID,Spurs,TOT,3.8,,1.0,,1.0,a,80,1845,0,117,14.6
Ben,Davies,Defender,DEF,Spurs,TOT,2.5,,1.0,,1.0,a,50,1430,0,41,8.2
Pierre-Emile,Højbjerg,Midfielder,MID,Spurs,TOT,1.2,,1.0,,1.0,a,50,2750,0,75,15.0
Harry,Winks,Midfielder,MID,Spurs,TOT,0.2,,1.0,,1.0,a,55,2223,0,52,9.5
Davinson,Sánchez,Defender,DEF,Spurs,TOT,1.1,,1.0,,1.0,a,55,2431,0,64,11.6
Ryan,Sessegnon,Defender,DEF,Spurs,TOT,0.3,,1.0,,1.0,a,50,341,0,9,1.8
Steven,Bergwijn,Midfielder,MID,Spurs,TOT,1.5,,1.0,,1.0,a,75,699,0,43,5.7
Gedson,Carvalho Fernandes,Midfielder,MID,Spurs,TOT,0.1,,1.0,,1.0,a,50,62,0,7,1.4
Japhet,Tanganga,Defender,DEF,Spurs,TOT,0.2,,1.0,0.0,0.0,i,50,525,0,17,3.4
Giovani,Lo Celso,Midfielder,MID,Spurs,TOT,1.4,,1.0,75.0,0.75,d,70,1482,0,54,7.7
Oliver,Skipp,Midfielder,MID,Spurs,TOT,0.0,,1.0,0.0,0.0,n,45,74,0,7,1.6
Tanguy,Ndombele,Midfielder,MID,Spurs,TOT,0.2,,1.0,,1.0,a,60,1002,0,45,7.5
Juan,Foyth,Defender,DEF,Spurs,TOT,0.2,,1.0,,1.0,a,45,66,0,3,0.7
Matt,Doherty,Defender,DEF,Spurs,TOT,26.3,,1.0,,1.0,a,60,2836,0,167,27.8
Joe,Hart,Goalkeeper,GKP,Spurs,TOT,1.0,,1.0,100.0,1.0,a,45,0,0,0,0.0
Cameron,Carter-Vickers,Defender,DEF,Spurs,TOT,0.1,,1.0,,1.0,a,40,0,0,0,0.0
David,Button,Goalkeeper,GKP,West Brom,WBA,5.2,,1.0,,1.0,a,40,0,0,0,0.0
Callum,Robinson,Forward,FWD,West Brom,WBA,0.2,,1.0,,1.0,a,55,669,0,33,6.0
Kieran,Gibbs,Defender,DEF,West Brom,WBA,0.9,,1.0,,1.0,a,45,0,0,0,0.0
Hal,Robson-Kanu,Forward,FWD,West Brom,WBA,0.5,,1.0,,1.0,a,55,0,0,0,0.0
Jake,Livermore,Midfielder,MID,West Brom,WBA,0.2,,1.0,,1.0,a,50,0,0,0,0.0
Kamil,Grosicki,Midfielder,MID,West Brom,WBA,0.1,,1.0,,1.0,a,55,0,0,0,0.0
Matt,Phillips,Midfielder,MID,West Brom,WBA,0.2,,1.0,,1.0,a,55,0,0,0,0.0
Kyle,Bartley,Defender,DEF,West Brom,WBA,0.2,,1.0,,1.0,a,45,0,0,0,0.0
Romaine,Sawyers,Midfielder,MID,West Brom,WBA,0.1,,1.0,,1.0,a,50,0,0,0,0.0
Ahmed El-Sayed,Hegazy,Defender,DEF,West Brom,WBA,1.4,,1.0,,1.0,a,45,0,0,0,0.0
Charlie,Austin,Forward,FWD,West Brom,WBA,1.1,,1.0,,1.0,a,55,0,0,0,0.0
Kenneth,Zohore,Forward,FWD,West Brom,WBA,0.2,,1.0,75.0,0.75,d,50,0,0,0,0.0
Sam,Johnstone,Goalkeeper,GKP,West Brom,WBA,0.8,,1.0,,1.0,a,45,0,0,0,0.0
Conor,Townsend,Defender,DEF,West Brom,WBA,0.1,,1.0,75.0,0.75,d,45,0,0,0,0.0
Oluwasemilogo Adesewo Ibidapo,Ajayi,Defender,DEF,West Brom,WBA,0.4,,1.0,,1.0,a,50,0,0,0,0.0
Jonathan,Leko,Midfielder,MID,West Brom,WBA,0.1,,1.0,0.0,0.0,u,45,0,0,0,0.0
Kyle,Edwards,Midfielder,MID,West Brom,WBA,0.0,,1.0,,1.0,a,50,0,0,0,0.0
Darnell,Furlong,Defender,DEF,West Brom,WBA,0.1,,1.0,,1.0,a,45,0,0,0,0.0
Sam,Field,Midfielder,MID,West Brom,WBA,0.0,,1.0,,1.0,a,50,0,0,0,0.0
Dara,O'Shea,Defender,DEF,West Brom,WBA,0.4,,1.0,,1.0,a,45,0,0,0,0.0
Rekeem,Harper,Midfielder,MID,West Brom,WBA,0.6,,1.0,,1.0,a,45,0,0,0,0.0
Grady,Diangana,Midfielder,MID,West Brom,WBA,0.7,,1.0,,1.0,a,55,0,0,0,0.0
Matheus,Pereira,Midfielder,MID,West Brom,WBA,3.4,,1.0,,1.0,a,60,0,0,0,0.0
Cedric,Kipre,Defender,DEF,West Brom,WBA,0.1,,1.0,,1.0,a,45,0,0,0,0.0
Mark,Noble,Midfielder,MID,West Ham,WHU,2.4,,1.0,,1.0,a,50,2675,0,105,21.0
Robert,Snodgrass,Midfielder,MID,West Ham,WHU,0.2,,1.0,100.0,1.0,a,60,1504,0,87,14.5
David,Martin,Goalkeeper,GKP,West Ham,WHU,8.6,,1.0,,1.0,a,40,435,0,20,5.0
Darren,Randolph,Goalkeeper,GKP,West Ham,WHU,0.3,,1.0,,1.0,a,45,180,0,3,0.7
Lukasz,Fabianski,Goalkeeper,GKP,West Ham,WHU,1.8,,1.0,,1.0,a,50,2117,0,83,16.6
Angelo,Ogbonna,Defender,DEF,West Ham,WHU,0.4,,1.0,,1.0,a,50,2786,0,81,16.2
Roberto,Jimenez Gago,Goalkeeper,GKP,West Ham,WHU,0.0,,1.0,0.0,0.0,u,45,686,0,18,4.0
Jack,Wilshere,Midfielder,MID,West Ham,WHU,0.2,,1.0,,1.0,a,50,209,0,8,1.6
Aaron,Cresswell,Defender,DEF,West Ham,WHU,1.2,,1.0,,1.0,a,50,2727,0,79,15.8
Andriy,Yarmolenko,Midfielder,MID,West Ham,WHU,0.3,,1.0,,1.0,a,60,981,0,70,11.7
Michail,Antonio,Forward,FWD,West Ham,WHU,11.4,,1.0,,1.0,a,65,1767,0,111,17.1
Ryan,Fredericks,Defender,DEF,West Ham,WHU,0.8,,1.0,,1.0,a,45,2235,0,74,16.4
Manuel,Lanzini,Midfielder,MID,West Ham,WHU,0.1,,1.0,75.0,0.75,d,65,1370,0,50,7.7
Felipe Anderson,Pereira Gomes,Midfielder,MID,West Ham,WHU,0.6,,1.0,,1.0,a,65,1493,0,66,10.2
Sébastien,Haller,Forward,FWD,West Ham,WHU,0.7,,1.0,,1.0,a,65,2259,0,102,15.7
Arthur,Masuaku,Defender,DEF,West Ham,WHU,0.3,,1.0,,1.0,a,45,930,0,26,5.8
Fabián,Balbuena,Defender,DEF,West Ham,WHU,0.2,,1.0,,1.0,a,45,1176,0,40,8.9
Jordan,Hugill,Forward,FWD,West Ham,WHU,0.0,,1.0,0.0,0.0,u,55,0,0,0,0.0
Jarrod,Bowen,Midfielder,MID,West Ham,WHU,1.4,,1.0,,1.0,a,65,916,0,44,6.8
Albian,Ajeti,Forward,FWD,West Ham,WHU,0.0,,1.0,0.0,0.0,u,55,132,0,9,1.6
Declan,Rice,Midfielder,MID,West Ham,WHU,5.4,,1.0,,1.0,a,50,3420,0,105,21.0
Tomas,Soucek,Midfielder,MID,West Ham,WHU,6.5,,1.0,,1.0,a,50,1039,0,41,8.2
Pablo,Fornals,Midfielder,MID,West Ham,WHU,0.1,,1.0,,1.0,a,65,2167,0,93,14.3
Issa,Diop,Defender,DEF,West Ham,WHU,1.8,,1.0,100.0,1.0,a,45,2765,0,76,16.9
Ben,Johnson,Defender,DEF,West Ham,WHU,2.9,,1.0,,1.0,a,40,270,0,6,1.5
John,Ruddy,Goalkeeper,GKP,Wolves,WOL,0.4,,1.0,,1.0,a,45,0,0,0,0.0
João Filipe Iria,Santos Moutinho,Midfielder,MID,Wolves,WOL,3.4,,1.0,,1.0,a,55,3105,0,113,20.5
Rui Pedro,dos Santos Patrício,Goalkeeper,GKP,Wolves,WOL,6.7,,1.0,,1.0,a,55,3420,0,153,27.8
Ryan,Bennett,Defender,DEF,Wolves,WOL,0.4,,1.0,,1.0,a,45,932,0,32,7.1
Willy,Boly,Defender,DEF,Wolves,WOL,2.4,,1.0,,1.0,a,55,1980,0,97,17.6
Conor,Coady,Defender,DEF,Wolves,WOL,9.5,,1.0,,1.0,a,50,3420,0,118,23.6
Raúl,Jiménez,Forward,FWD,Wolves,WOL,19.1,,1.0,,1.0,a,85,3241,0,194,22.8
Romain,Saïss,Defender,DEF,Wolves,WOL,2.9,,1.0,,1.0,a,50,2703,0,103,20.6
Jonathan,Castro Otto,Defender,DEF,Wolves,WOL,0.1,,1.0,0.0,0.0,i,55,2885,0,123,22.4
Léo,Bonatini,Forward,FWD,Wolves,WOL,0.3,,1.0,,1.0,a,50,0,0,0,0.0
Leander,Dendoncker,Midfielder,MID,Wolves,WOL,2.6,,1.0,,1.0,a,50,2790,0,100,20.0
Adama,Traoré,Midfielder,MID,Wolves,WOL,20.7,,1.0,,1.0,a,65,2599,0,130,20.0
Rúben Diogo,da Silva Neves,Midfielder,MID,Wolves,WOL,2.7,,1.0,,1.0,a,55,3053,0,97,17.6
Oskar,Buur,Defender,DEF,Wolves,WOL,1.8,,1.0,,1.0,a,40,0,0,0,0.0
Diogo,Jota,Midfielder,MID,Wolves,WOL,3.7,,1.0,,1.0,a,65,2278,0,105,16.2
Daniel,Castelo Podence,Midfielder,MID,Wolves,WOL,0.3,,1.0,,1.0,a,55,285,0,25,4.5
Max,Kilman,Defender,DEF,Wolves,WOL,1.9,,1.0,,1.0,a,40,184,0,5,1.2
Rúben Gonçalo,Silva Nascimento Vinagre,Defender,DEF,Wolves,WOL,11.7,,1.0,,1.0,a,45,644,0,32,7.1
Matija,Sarkic,Goalkeeper,GKP,Wolves,WOL,0.2,,1.0,,1.0,a,45,0,0,0,0.0
Morgan,Gibbs-White,Midfielder,MID,Wolves,WOL,0.0,,1.0,0.0,0.0,n,50,125,0,11,2.2
Pedro,Lomba Neto,Midfielder,MID,Wolves,WOL,0.2,,1.0,,1.0,a,55,920,0,57,10.4
Bruno André,Cavaco Jordao,Midfielder,MID,Wolves,WOL,0.6,,1.0,,1.0,a,45,6,0,1,0.2
Leonardo,Campana,Forward,FWD,Wolves,WOL,0.3,,1.0,,1.0,a,50,0,0,0,0.0
Fabio,Silva,Forward,FWD,Wolves,WOL,1.2,,1.0,,1.0,a,55,0,0,0,0.0
Fernando,Marçal,Defender,DEF,Wolves,WOL,0.3,,1.0,,1.0,a,50,0,0,0,0.0
Vitor,Ferreira,Midfielder,MID,Wolves,WOL,0.0,,1.0,,1.0,a,50,0,0,0,0.0
